{
  "version": 1,
  "author": "Anonymous maker",
  "editor": "wokwi",
  "parts": [
    { "type": "wokwi-arduino-uno", "id": "uno", "top": 0, "left": 0, "attrs": {} },
    { "type": "wokwi-7segment", "id": "sevseg1", "top": -158.22, "left": -119.72, "attrs": {} }
  ],
  "connections": [
    [ "sevseg1:B", "uno:12", "yellow", [ "v0.84", "h134.4" ] ],
    [ "sevseg1:F", "uno:8", "green", [ "v-8.76", "h201.6" ] ],
    [ "sevseg1:G", "uno:7", "magenta", [ "v-18.36", "h9.6" ] ],
    [ "sevseg1:C", "uno:11", "green", [ "v28.8", "h153.6" ] ],
    [ "sevseg1:D", "uno:10", "purple", [ "v57.6", "h182.4" ] ],
    [ "sevseg1:E", "uno:9", "cyan", [ "v48", "h201.6" ] ],
    [ "sevseg1:COM.1", "uno:5V", "yellow", [ "h-19.2", "v336", "h201.6", "v-9.6" ] ],
    [ "sevseg1:A", "uno:6", "green", [ "v-37.56", "h288" ] ]
  ],
  "dependencies": {}
}